dataSet,alpha,beta,num_hops,num_shot
Amazon,0.016681005,0.017475284,1,30
Reddit,0.4,0.2,4,40
YelpChi,0.628029144,0.000174753,26,10
tolokers,0.017475284,0.05094138,1,10
elliptic,0.021049041,0.029150531,2,50
questions,0.003764936,0.0001,26,10
tfinance,0.312571585,0.053366992,4,10
BlogCatalog,0.046415888,0.030538555,1,40
cora,0.010974988,0.205651231,7,70
Flickr,0.932603347,0.015199111,1,30
